,artist_id,artist_x,song_id,song_name,album_id,album,Like_Count,Lyric,date
0,20056456,(여자)아이들,6150789,TOMBOY,20204840,I NEVER DIE,"[7,341]","[Look at you 넌 못 감당해 날
Ya took off hook
기분은 Coke like brrr
Look at my toe 나의 Ex 이름 Tattoo
I got to drink up now 네가 싫다 해도 좋아
Why are you cranky boy?
뭘 그리 찡그려 너
Do you want a blond barbie doll?
It's not here I'm not a doll
미친 연이라 말해 What's the loss to me ya
사정없이 까보라고 You'll lose to me ya
사랑 그깟 거 따위 내 몸에 상처 하나도 어림없지
너의 썩은 내 나는 향수나 뿌릴 바엔
Ye I'm a Tomboy (Umm ah umm)
Ye I'll be the Tomboy (Umm ah)
This is my attitude
Ye I'll be the Tomboy
I don't wanna play this ping pong
I would rather film a Tik Tok
Your mom raised you as a prince
But this is queendom right?
I like dancing I love ma friends
Sometimes we swear without cigarettes
I like to eh on drinking whiskey
I won't change it what the hell?
미친 척이라 말해 What's the loss to me ya
사정없이 씹으라고 You're lost to me ya
사랑 그깟 거 따위 내 눈에 눈물 한 방울 어림없지
너의 하찮은 말에 미소나 지을 바엔
Ye I'm a Tomboy (Umm ah umm)
Ye I'll be the Tomboy (Umm ah)
This is my attitude
Ye I'll be the Tomboy
Said you get it?
You get the song right
You'll get what I mean tomboy
La la la la la la la la la
La la la la la la la la la
La la la la la la la la la
La la la la la la la la la
(Three two one)
It's neither man nor woman
Man nor woman
It's neither man nor woman
(Just me I DLE)
It's neither man nor woman
Man nor woman
It's neither man nor woman
(Just me loving Tomboy)]",2022.03.14
1,20056456,(여자)아이들,6150796,MY BAG,20204840,I NEVER DIE,"[3,055]","[Red five diamonds in my bag
If you wanna see it dance to a beat like that
My mama saw it and 'oh my god dang'
Ok I'll show you what's in my bag
Red five diamonds in my bag
If you wanna see it dance to a beat like that
My mama saw it and 'oh my god dang'
Ok I'll show you what's in my bag
Uh oh I know you like it
My voice는 말해 뭐 해 God dang
Uh oh I just like it
태생부터 많은 Money 관심 없지
싸가지 없는 무대의 못된 범인의 눈빛
Fantasy란 말은 나를 빼고 다 금지
글러 먹은 너의 감 모두 나를 위한 밥
독한 Vibe sugar high 맛 좀 봐라 모두 Die
Rum rum rum Rumble 다 Crumble
이 Voice는 Drum에도 No lose
No no no lovely I'm Bumblebee
그냥 훅 들어갈 뿐 안 해 One two
I never had 겁 A k a giant dog
아차 하고 쓰다듬은 다쳐 이건 어쩜 범
I value my love 그만 두들겨 너
머리 빈 멍청이들과는 노는 물이 전혀 달라
Ye you know
Red five diamonds in my bag
If you wanna see it dance to a beat like that
My mama saw it and 'oh my god dang'
Ok I'll show you what's in my bag
Red five diamonds in my bag
If you wanna see it dance to a beat like that
My mama saw it and 'oh my god dang'
Ok I'll show you what's in my bag
가벼운 건 No no
공포에는 덤덤
나쁜 놈에겐 월월
덤벼봐라 Come come
I'm a cool lady 유일무이 캐릭
네가 벌벌 떠는 언니들 사이 Boss baby
넘치는 Jealousy
But that's too early
내 피부부터 Young한 것은 언급하기도 귀찮네
존재가 Princess 어쩌면 범죄
넘치는 Bullet 맘을 관통해
향기는 Like rose and beautiful red
화가 난 가시의 그대 Blood ye
아직 읽지 않은 연락들은 앞으로도 읽지 않을 거니
헛된 희망들은 저기 버려두길
You know say no
Red five diamonds in my bag
If you wanna see it dance to a beat like that
My mama saw it and 'oh my god dang'
Ok I'll show you what's in my bag
Red five diamonds in my bag
If you wanna see it dance to a beat like that
My mama saw it and 'oh my god dang'
Ok I'll show you what's in my bag]",2022.03.14
2,20056456,(여자)아이들,6150790,말리지 마,20204840,I NEVER DIE,"[2,129]","[약에 취해버린 Feel
널브러진 Luxury bag
크게 찢어지는 Lip
두 눈은 번져 Like smokey
Ya baby I knew it
떠나니 잘 가라지 Not crazy
예쁜 입에서 이런 욕이 뭐
Ya I'm always nasty
바랐니 끝까지
내가 멍청한 천사였길
You broke my heart
You locked my love
어이없어 눈물이 다 나네
아니 전혀 난 안 괜찮아
Let me put on leather jacket
Mama don't ever ever stop me
내가 그 어떤 짓을 벌였든
Mama don't ever ever stuck me
말리지 마 Woah ah oh woah ah oh
La la la la la la la
La la la la la la la
Surprise
Your pants I bought it
검은 양말 벗어 주길
Her gift mini-pill
원하고 조절 못 하니
Hell no does he know that?
Any bed the red car
Scolded by daddy out of company
Looking forward to your wedding
You broke my heart
You locked my love
뻔뻔해서 소름이 다 돋네
아직 전혀 난 안 괜찮아
Let me fire last rocket
Mama don't ever ever stop me
내가 그 어떤 짓을 벌였든
Mama don't ever ever stuck me
말리지 마 Woah ah oh woah ah oh
때려치워 좋은 끝 그까짓 거
알아 이불 발로 차며 후회하지 뭐
원래 이래 너는 몰랐겠지만
Screw you dummy
Now you know look forward to it
La la la la la la la
La la la la la la la
(I know I'm too emotional)
La la la la la la la la la
아무도 말리지 마
넋이 나가버린 Feel
엎질러진 Ice coffee
휘어지는 Red lip
And 네가 싫어했던 Smokey]",2022.03.14
3,20056456,(여자)아이들,6150791,VILLAIN DIES,20204840,I NEVER DIE,[785],"[Once upon a time there was a villain
Who is a villain?
혀 안에 가득 찬 사탕 Strawberry
이게 내 마지막 만찬인지 따갑게 달콤해
멍청해 흙투성이 쟨 멀쩡해
몇 발을 쏴도 내 총엔 맞지 않아 It's okay
Why don't you love me 이것 봐
이리 아름다운데
이 미친 소설의 끝은 대체 언제쯤
If the villain dies
(Okay Bullet Love Die)
Heroine is mine
I'll never die
Even if it's your sad ending
Heroine is mine
I'll never die
Even if it's your sad ending
You put me down and want me dead
In fact you don't even know me that well
I never cry but I was in pain yesterday
as well cuz of her
Who is the villain 그 악당이 나였네
모든 걸 망치는 그녀를 미워했는데
이 소설 속 악당은 나였네
Hey yo god or author
I'm goin' to hell but not alone
뵈는 게 없어진 나의 Play는 바꿔버릴 거야 이 결론
Hey yo god or author
I'm goin' to hell but not alone no no no
Why do you love her 이것 봐
늘 날 아프게 하는데
이 미친 소설의 끝은 대체 언제쯤
If the villain dies
(Okay Bullet Love Die)
Heroine is mine
I'll never die
Even if it's your sad ending
Heroine is mine
I'll never die
Even if it's your sad ending
멍청하게 흘러가게 두지 않아 난
재밌는 Ending을 다 잘 봐
악역의 웃음에 우울한 마지막 장
Oh right oh right write
Never die]",2022.03.14
4,20056456,(여자)아이들,6150794,ESCAPE,20204840,I NEVER DIE,[625],"[Look into the sky
What do you see?
저 멀리 별들 Are like your eyes
They're so pretty
달빛 아래 어둠을 벗고 비춰진
네 모습 아름답게만 보여
So please smile
지금처럼 울지 않았으면
슬퍼하지 않았으면 해
그늘진 시간 매일 외로운 밤
늘 혼자 견디지 말고 Just take my hand
우는 것보다 웃음소리가 더 어울리는데
Baby I'll take you there
어디든 널 데려갈게
I'm coming with you
아무 생각 없이 달려가
I'll run with you run with you you
I'll be right by your side
또다시 넘어져도 괜찮아
잠시 내려놔도 돼
원래 힘든 거래 모두가
마치 난 유난인 것처럼
눈치를 보며 그냥 버틸까도 하다가
때려치워 나는 버거워
이 순간 행복해질래
지각이래도 잠깐 멈춰서 쉴래
책임져야겠지 현실과 미래 인생
아 몰라 이럴 땐 너에게로 Escape
그늘진 시간 매일 외로운 밤
늘 혼자 견디지 말고 Just take my hand
우는 것보다 웃음소리가 더 어울리는데
Baby I'll take you there
어디든 널 데려갈게
I'm coming with you
아무 생각 없이 달려가
I'll run with you run with you you
I'll be right by your side
또다시 넘어져도 괜찮아
잠시 내려놔도 돼
모든 게 엉망인 듯 느껴질 때
항상 오늘을 기억하면 돼 Alright
늘 네 곁에 있을게
어디든 널 데려갈게
I'm coming with you
아무 생각 없이 달려가
I'll run with you run with you you
I'll be right by your side
또다시 넘어져도 괜찮아
다시 일어나면 돼]",2022.03.14
5,20056456,(여자)아이들,6150795,LIAR,20204840,I NEVER DIE,[480],"[I've been woken up in different places
습관처럼 익숙하지
Take a look around at these plates yeah
내가 원하는 건 없어
마음에도 없던 거짓말들
내 자신을 잃어 So bad
감정들이 없는 인형같이
억지스런 미소는 됐어
변했다곤 생각하진 않아
I don't wanna do this no more
You keep calling me a liar
I don't feel any desire
We speed
And drifting don't need no tires
So you can call me filthy liar
그래 맘대로 지껄여 Ya I'm a crazy Tomboy
다시 Passport 그녀처럼 Dyed my hair blonde
또 내가 딴따라라 맘에 안 들던
네 엄마께 나도 별로였다 꼭 전하고
너나 잘하고 말해 또 그놈의 예의
뒷담보단 앞담이 나아 넌 없겠지만 패기
네 다음 애인께는 다 안된다 아기 취급 전에
맞춤법이나 맞춰 '안되' 아이야
내게 뭐라해도 관심 없어
I don't wanna do this no more
You keep calling me a liar
I don't feel any desire
We speed
And drifting don't need no tires
So you can call me filthy liar
I am high priced like a diamond shine
Why you think that I'm a piece of glass
Break my heart you can see the real me
Go to hell baby what's it to ya
I am high priced like a diamond shine
Why you think that I'm a piece of glass
Break my heart you can see the real me
Go to hell baby what's it to ya
Call me a liar
You keep calling me a liar
I don't feel any desire
We speed
And drifting don't need no tires
So you can call me filthy liar]",2022.03.14
6,20056456,(여자)아이들,6150792,ALREADY,20204840,I NEVER DIE,[494],"[I'm alone in this room for so so long
너에 대한 생각들로
난 이런 노래를 만들고 있어
이 늦은 시간에 내 Phone이 울리네
미안하단 말을 왜 이제 와서 해
Even a second is too late (Too late)
그 거짓말을 내게 하지 않았고
마지막 그 한마디를 참았더라면
우린 함께였을까? (But now)
Already already already over ah ah ah ah
널 지웠어 Ah ah ah ah
그때 That day
Already already already over ah ah ah ah
마지막 그날 Ah ah ah ah
The end it's how our story ends
I never missed you 외로운 오늘 밤도
사랑은 졌고 그날로 우린 없어
늘 네게 달렸던 연애의 시작과 끝
변함없이 같잖은 착한 척하는 그 말투
난 지긋지긋해 너의 실체를 알았기에
옆자리에 만족했던 멍청인 없어 이제
I don't know my yesterday 눈물로 뱉었네
됐어 네가 진짜 변했더라도 난 Already
You never know what I've been through
울고불고 매달리고 싶었지만
I know in the end it won't be us
절대 예전 같을 수 없잖아 (Again)
Already already already over ah ah ah ah
널 지웠어 Ah ah ah ah
그때 That day
Already already already over ah ah ah ah
마지막 그날 Ah ah ah ah
The end it's how our story ends
Already already already over ah ah ah ah
널 지웠어 Ah ah ah ah
그때 That day
Already already already over ah ah ah ah
마지막 그날 Ah ah ah ah
The end it's how our story ends
영화는 막을 내리고
주연인 우리 이름은
까만 스크린 속에
천천히 올라가]",2022.03.14
7,20056456,(여자)아이들,6150793,POLAROID,20204840,I NEVER DIE,[509],"[철없는 우릴 사진에 담아서
잊지 않게 간직하고 싶어 난
In my pocket in my pocket
A lot of people want us to grow up
시간은 참 빠르게만 가는데
I want pleasure want pleasure
그땐 왜 모든 게 다 그저 어려웠을까
Don't be sad
Let's forget everything with the flash
Can I take out the Polaroid
And then we smile brightly
슬퍼지더라도 울지는 않을게
Let's make a funny face
Take out the Polaroid
We shouldn't forget this please remember
우리 사진 속에 그때 그 미소에
Let's make a funny face
Ah ah ah ah ah ah
Sometimes I think we can look back
Cuz we've been too busy we've been too busy
잠깐 쉬어가자 우리
행복할 수 있게 더 웃을 수 있게
그땐 왜 모든 게 다 그저 어려웠을까
Don't be sad
Let's forget everything with the flash
Can I take out the Polaroid
And then we smile brightly
슬퍼지더라도 울지는 않을게
Let's make a funny face
Take out the Polaroid
We shouldn't forget this please remember
우리 사진 속에 그때 그 미소에
Let's make a funny face
Ah ah ah
Polaroid we should keep this memory
Ah ah ah
Take out the Polaroid
Ah ah ah
Polaroid we should keep this memory
Ah ah ah
Can I take out the Polaroid
And then we smile brightly
슬퍼지더라도 울지는 않을게
Let's make a funny face
Take out the Polaroid
We shouldn't forget this please remember
우리 사진 속에 그때 그 미소에
Let's make a funny face
Ah ah ah
Polaroid we should keep this memory
Ah ah ah
Take out the Polaroid
Ah ah ah ah ah ah
Let's make a funny face]",2022.03.14
8,20056456,(여자)아이들,6179174,Nxde,20206916,I love,"[3,369]","[Why you think that 'bout nude
'Cause your view's so rude
Think outside the box
Then you'll like it

Hello my name is 예삐 예삐요
말투는 멍청한 듯 몸매는 섹시 섹시요
그럼 다이아 박힌 티아라 하나에
내가 퍽이나 웃게 퍽이나 웃게

뒤틀려버린 로렐라이 Don't need no man
철학에 미친 독서광 Self-made woman
싸가지없는 이 Story에 무지 황당한
야유하는 관객들 You tricked me you're a liar

아 발가벗겨져 버린 Movie star
아 별빛이 깨져버린 밤
꼴이 볼품없대도 망가진다 해도
다신 사랑받지 못한대도

Yes I'm a nude
Nude 따따랏따라
Yes I'm a nude
Nude I don't give a love

Baby how do I look, how do I look
아리따운 날 입고 따따랏따라
Baby how do I look, how do I look
아리따운 날 입고 따따랏따라

(Ouch!)
실례합니다 여기 계신 모두
야한 작품을 기대하셨다면
Oh I'm sorry 그딴 건 없어요
환불은 저쪽 대중은 흥미 없는 정보
그 팝콘을 던져도 덤덤
행복과 반비례 평점
But my 정점 멋대로 낸 편견은 토할 거 같지

아 발가벗겨져 버린 Movie star
아 더 부끄러울 게 없는 밤
꼴이 볼품없대도 어쩌면 네게도
다신 사랑받지 못한대도

Yes I'm a nude
Nude 따따랏따라
Yes I'm a nude
Nude I don't give a love

Baby how do I look, how do I look
아리따운 날 입고 따따랏따라
Baby how do I look, how do I look
아리따운 날 입고 따따랏따라

Um ha um ha um ha um
Yes I'm a nude
Yes I'm a nude
Now I draw a luxury nude

Why you think that 'bout nude
'Cause your view's so rude
Think outside the box
까고 말해

아리따운 나의 누드
아름다운 나의 누드
I'm born nude
변태는 너야
Rude

Nude]",2022.10.17
9,20056456,(여자)아이들,6179176,Change,20206916,I love,[880],"[Woke up in another new day
Something has changed
Don't feel the same
Alone hearing voices in my head
Thought that I had it all
But it feels like nobody cares, nobody cares

In a tiffany dress, get off from white 벤
Walk the red carpet, 밝게 터지는 Flash
모든 세상의 관심 수많은 Fans
그래 사랑에 배가 부른 거지
매일 꿈꾸던 삶이야
그리고 꿈이 없어진 삶이야
대체 얼마나 대단한 걸 더 가져야
행복할까 궁금한 밤이야

Love and fame
It seems to be enough
When the truth is not that beautiful
Tears and pain
Are things I've never shown
No one knows, no one knows, no one knows
They think I'm okay
Think I'm okay

Wanna live my life like yesterday
Never feeling down
Never feeling down
In the clouds, just stay there everyday
Never coming down
Never coming down

Life has ups and downs, just realized
(Nothing lasts forever yeah)
One day if I fall, would you smile
(And say you'll be there for me)

I've been lying awake these days
Can't get away
Everyone changes
Every time you smile, don't you pretend
Ask myself every night and realize things
Won't be the same, won't be the same

Love and fame
It seems to be enough
When the truth is not that beautiful
Tears and pain
Are things I've never shown
No one knows, no one knows, no one knows
That I'm not okay
I'm not okay

Wanna live my life like yesterday
Never feeling down
Never feeling down
In the clouds, just stay there everyday
Never coming down
Never coming down

Life has ups and downs, it's alright
(Nothing lasts forever yeah)
One day I will fall, can't deny
(But I know you won't leave)

Wanna live my life like yesterday
Never feeling down
Never feeling down
In the clouds, just stay there everyday
Never coming down
Never coming down]",2022.10.17
10,20056456,(여자)아이들,6179175,LOVE,20206916,I love,[592],"[Hey ex-boyfriend
자꾸 인스타 염탐하던데
You hope to get back?
알겠지만 My life is perfect
Right after World Tour, Magazines, Radio, CF까지
몸이 백 개도 모자랄 거 같아
이젠 내가 널 얼마큼 사랑했었던지도 Forgot it

Now I'm amazing I feel crazy
아주 멋진 삶을 찾은
지금 내게 푹 빠진 것 같아
Wanna be married? It was crazy
아주 멋진 사랑 따위를 바랐다니
정말 미쳤지 말이야 (Crazy)

Thanks, breaking up the love
(Love love love love love)
(Love love love love love love)
(Love love love love love love love)

I'm lucky, lost the love
(Love love love love love)
(Love love love love love love)
(Love love love love love love love)
Thanks, breaking up the love

Back in those days
밤을 새도록 울곤 했지
I lived in my dream
후회하게 만들려 했지

뭐 들었겠지
그래 TOMBOY 이제 Nxde까지
내가 봐도 참 대단한 것 같아
이젠 널 뺏어간 그 언닐 마주친다 해도 Anyway

Now I'm amazing I feel crazy
아주 멋진 삶을 찾은
지금 내게 푹 빠진 것 같아
Wanna be married? It was crazy
아주 멋진 사랑 따위를 바랐다니
정말 미쳤지 말이야 (Crazy)

Thanks, breaking up the love
(Love love love love love)
(Love love love love love love)
(Love love love love love love love)

I'm lucky, lost the love
(Love love love love love)
(Love love love love love love)
(Love love love love love love love)
Thanks, breaking up the love

I'm lucky, found my love, love, love

다시는 그날 그때처럼 날 울리지 않을
멋진 애인도 나 생긴 것 같아
고마워 진짜 사랑을 넌 찾게 해줬어 My love is

That's me she's my love
(Love love love love love)
(Love love love love love love)
(Love love love love love love love)

I'm lucky, found my love
(Love love love love love)
(Love love love love love love)
(Love love love love love love love)
Thanks, this is my 'I love']",2022.10.17
11,20056456,(여자)아이들,6179177,Reset,20206916,I love,[362],"[그만하자 그 말이 다야?
어쩜 넌 끝까지 못됐니
그래 그만하자 차라리 잘 됐다고
너 같은 놈에게서 난 백배는 아까웠어

못 만난 친구도 만나
날 위한 선물도 사봐
생각보다 혼자도 괜찮은 거 같아
거울 속에 말해 보지만

쏟아지던 바다 삶이 잠겼던 날
숨이 멎은 채 하루를 살아가
몰아치는 바람 마음이 잠겼던 날
언제쯤 이 험한 날이 끝나 다시 열 수가 있을까

Reset my phone
아꼈던 사진도 5년의 시간도 부질없는 걸
톡에 수많은 결국 네 친구들과
여전하게 뭣도 없는 그 프로필도 역겨워

가끔 술자리도 나가
나 좋다는 남자도 많아
생각보다 혼자도 괜찮은 거 같아
거울 속에 말해 보지만

쏟아지던 바다 삶이 잠겼던 날
숨이 멎은 채 하루를 살아가
몰아치는 바람 마음이 잠겼던 날
언제쯤 이 험한 날이 끝나 다시 열 수가 있을까

나도 네가 싫어졌어
절대 들키지 않을 이 거짓말
그래 아니야 아니야
그치만 바보도 아니야
원래 솔직한 거 알잖아

떠나가지 마라 꾹 삼켰던 말
아직 벅차게 좋아한단 말이야
돌아오지 않아 꾹 참아야 해
나도 언젠간 너처럼 다른 사랑할 수가 있을까]",2022.10.17
12,20056456,(여자)아이들,6179178,조각품,20206916,I love,[329],"[I wanna be 그 작품이
다들 미쳤다지만
이미 You are my artist
Whatever

내가 잘할게
짧은 머리도 두 번 다시는 안 할게
말했잖아 그 친구는 절대 나쁜 애는 아닌데
그래 싫다면 오늘부터 그냥 안 만날게
의심 안 해
놀다 보면 연락 어렵잖아 밤에
어제 늦게 자서 피곤하겠다
오늘은 좀 쉴래?
신기하지 내가 원래 좀 착해

이거 봐 봐 내가
네 말과 네 모든 것에 맞춰
그려질 테니까

나 미치게 사랑받고 싶어
너의 조각품이 되어도
그깟 내가 깎여지는 그 고통쯤
It's okay I'm your sculpture
Your sculpture
Your sculpture
Your sculpture

I know I see
나도 참 뭣 같지
If there'll be a party
웃으며 Dress를 또 조이겠지

그래 봐 봐 내가
네 말과 네 모든 것에 맞춰
그려지고 있어

나 미치게 사랑받고 싶어
너의 조각품이 되어도
그깟 내가 깎여지는 그 고통쯤
It's okay I'm your sculpture
Your sculpture
Your sculpture
Your sculpture

난 행복한 게 맞아
아니 행복이 맞나
너의 사랑받으니
죽도록 행복한 거겠지

다 깎여버린 온몸에 금이 가도
그래 널 잃는 것보다 날 잃는 게 쉬울 것 같아

나 미치게 사랑받고 있어
너의 조각품인 걸 알아도
그깟 해야 부서지는 그 고통쯤
It's okay I'm your sculpture
Your sculpture
Your sculpture
Your sculpture]",2022.10.17
13,20056456,(여자)아이들,6179179,DARK (X-file),20206916,I love,[314],"[Baby why you down?
Wanna take a puff on my joint?
고민하지 마
Yea fire a shot

굳게 잠겨진 방
본능 따위에 삼켜진 밤
미친 몸부림 그림자
웬수마냥 서로를 망쳐놔

점 점 점 또 더 걷잡을 수 없이 짙어져

Kill the truth, me and you
그 무엇도 끝낼 수 없어

흔적조차 남기면 안 될 사이
파괴해야 하는 The X-file
절대 찾지 못하게 감춰놔
더러운 사랑의 색깔 Dark

Ya I'm crazy for you (What?)
Kiss me (Uh huh)
Don't you know it is a show anyway?

가끔 그런 생각을 해
그냥 좀 나쁘면 안 될까?
사람은 착하면 아픈데
차라리 나쁘면 안 될까?
근데 넌 나쁜 건 싫은 거잖아
맞아 잃는 게 쉽지 않지
난 잊는 게 더 어려운데

점 점 점 또 더 걷잡을 수 없이 짙어져

Kill the truth, you have to
그 무엇도 끝낼 수 없어

흔적조차 남기면 안 될 사이
파괴해야 하는 The X-file
그게 넌 어딨는지 알잖아
더러운 세상 유일한 Light
Bye, Dark]",2022.10.17
14,20056456,(여자)아이들,31054886,LATATA,990741,I am,"[9,147]","[기나긴 너와 이 밤을 너와
이렇게 너와
기다린 너와 시간을 너와
이렇게 너와
어둠 속 Red light 시선은 Left right
불 위를 걷나
시작의 점화 가까이 온다
누가 뭐 겁나
Uh oh 어디까지 더 깊이 빠져들지
중독된 향기까지
그렇게 뒤섞여버리지 그래
더 더 불태워 버려지게
내일은 우린 없는 거야 너
I love ya
널 위한 노래를 해
깊게 더 빠지게 Lata
I love ya
널 위한 춤을 춰
내게 널 갇히게 Lata
I love ya
Latata latata latata latata
Latata latata latata latata
날 위해 불러줘
평생 널 못 잊게 Lata
I love ya
I love ya
Everyday every night latata
I love ya
Everyday every night latata
Don't be lazy 다가와 Baby
시간은 너무 짧고 이건 아직 Basic
좀 더 깊은 곳으로
더 들어가 나를 머금고
취해도 돼 중요치 않아 내일이
아주 화려한 이 춤은 라따따
뜨겁게 불태울 거야 다다다
뭐 어려워 다 널 부러워해
좋아 이 밤을 불태워
Muah muah muah
Uh oh 어디까지 더 그리 나빠질지
이 밤은 아침까지
그렇게 더 미쳐버리지 그래
더 더 불태워 버려지게
내일은 우린 없는 거야 너
I love ya
널 위한 노래를 해
깊게 더 빠지게 Lata
I love ya
널 위한 춤을 춰
내게 널 갇히게 Lata
I love ya
Latata latata latata latata
Latata latata latata latata
날 위해 불러줘
평생 널 못 잊게 Lata
I love ya
I love ya
Everyday every night latata
I love ya
Everyday every night latata
기나긴 너와 이 밤을 너와
이렇게 너와
기다린 너와 시간을 너와
이렇게 너와
어둠 속 Red light 시선은 Left right
불 위를 걷나
시작의 점화 가까이 온다
누가 뭐 겁나
I love ya
Everyday every night latata
I love ya
Everyday every night latata]",2018.05.02
15,20056456,(여자)아이들,31054888,MAZE,990741,I am,"[1,338]","[너의 깊은 그 눈빛이 날 데려가 저 멀리
누군가 맘에 들 때 더 신비롭게 궁금하게
아찔한 네 목소리가 내 맘을 훔치는 걸
정신없이 어지러워 Maybe it's a maze
찾을 수 없는 이 미로 속의 출구
더 깊은 곳의 부름
날 끌어당기는 듯한
넌 어둠 속에 숨은 듯
나를 더 빠지게 해 너만 부르게 해
마주친 그 눈빛은 너 말곤
아무것도 모르게 해
빠져나올 수 없어 끝이 없는 어둠 속
알 수 없는 어딘가
Maybe I'm in your maze
Lost my way
네 안의 미로에 갇혀
Maybe I'm in your maze
Lost my way
너만의 미로에 갇혀 나
Maybe I'm in your maze
멀리서 날 부르는 아름다운 기타 소리
귓가에 스며들어
Doo doo doo doo doo yeah
날 향한 네 손짓이 내 맘을 간지럽혀
꿈속의 나비처럼 Maybe it's a maze
I'm in maze 이 곳의 매일은
전혀 궁금하지 않게 해 바깥의 내일을
어둠이 덮인 미로 속에 갇혔지 난
아니 어쩌면 나갈 생각이 없지
빠져나올 수 없어
끝이 없는 어둠 속
알 수 없는 어딘가
Maybe I'm in your maze
Lost my way
네 안의 미로에 갇혀
Maybe I'm in your maze
Lost my way
너만의 미로에 갇혀 나
Maybe I'm in your maze
너에게만 예뻐 보이고 싶어
나를 찾아오는 널 보고 싶어
또다시 난 이 미로 속에서
소리쳐 널 부르고 있어
Now you're in my maze
내 안의 미로에 갇혀
Now you're in my maze
나만의 미로에 갇혀 너
Now you're in my maze
내 안의 미로에
나만의 미로에 갇혀 너
Now you're in my maze]",2018.05.02
16,20056456,(여자)아이들,31054890,알고 싶어,990741,I am,[597],"[What's in your house?
What's in your house?
알고 싶어
What's in your house?
What's in your house?
I'm in love
What's in your house?
What's in your house?
알고 싶어
What's in your house?
What's in your house?
Oh oh oh oh oh
날 설레게 하는 너의 Fragrance
욕실엔 새로 사놓은 Hand soap
아무렇게나 놓인 Red blanket
그 속엔 귀여운 Little puppy
난 아직 키가 닿지 않아
창문 너머로는 볼 수 없어
눈부신 유니콘 내게 와준다면
매일 밤 네게 날아가 버릴 텐데
Yeah it's a fascination
빠져나올 수가 없는
Like a fantasy 영원히 살고 싶어
난 알고 싶은 걸 하나하나까지 Baby
You are oh deep inside my heart
What's in your house?
What's in your house?
알고 싶어
What's in your house?
What's in your house?
I'm in love
What's in your house?
What's in your house?
알고 싶어
What's in your house?
What's in your house?
Oh oh oh oh oh
따뜻한 넌 나만의 Sunshine
널 감싸는 내 맘은 Moonlight
더는 감추지 마 네 Warm heart
그곳에 숨겨둔 Golden key
알고 싶어 너의 집 현관부터 방까지
정돈된 네 침대 위는 어떤 향기가 날지
잠이 든 네 얼굴은 무슨 표정을 할지
요즘 무척 난 궁금하단 말이야
이 정도 말하면 알아듣겠지
너와는 영원히 하나이고 싶어
일분도 떨어지긴 싫어
널 누구보다 잘 알고 싶어
Yeah it's a fascination
빠져나올 수가 없는
Like a fantasy 영원히 살고 싶어
난 알고 싶은 걸 하나하나까지 Baby
You are oh deep inside my heart
What's in your house?
What's in your house?
알고 싶어
What's in your house?
What's in your house?
I'm in love
What's in your house?
What's in your house?
알고 싶어
What's in your house?
What's in your house?
Oh oh oh oh oh
애타는 내 맘을 넌 모르잖아
Boy I just wanna fall in love with you
What's in your house?
What's in your house?
Woo babe
What's in your house?
What's in your house?
난 알고 싶어
What's in your house?
What's in your house?
I'm in love
What's in your house?
What's in your house?
Yeah it's a fascination
What's in your house?
What's in your house?
Like a fantasy
What's in your house?
What's in your house?
Yeah it's a fascination
What's in your house?
What's in your house?
Like a fantasy
What's in your house?
What's in your house?
Oh oh oh oh oh]",2018.05.02
17,20056456,(여자)아이들,31054887,달라($$$),990741,I am,[554],"[Knock knock 들어간다 Soyeon이
머리 위에 Spotlight
저기 잘난척하던
걸리버들과는 전혀 달라
뻔한 걸 뻔뻔하게 하는
멍청이들 덕에 뻥뻥 이 몸이 뜨겠어
오타쿠 독서 벌레 Identity
아무도 따라 할 수 없어
남자들의 관심사
저 여자들은 Blah blah blah
Role model은 아인슈타인
창의력에 빛이 나
남다른 색 억만 Dollars를 내도
내 시간을 사긴 부족해 못 넘봐
태생이 너와 다른 애
Baby 너와 나는 너무 달라
나를 원한다면 배워 Manners
아주 뻔한 Love 당연한 Rules
I'm not your girlfriend
I'm not your girlfriend
Baby 너와 나는 너무 달라
나를 원한다면 붙어 Follow
흔치 않은 꿈 특별한 Luck
I'm not your girlfriend
I'm not your girlfriend
Oh yeah
달라 달라 나는 남달라
Oh yeah
달라 달라 나는 남달라
If you want me
If you if you want me
If you if you want me
Bring it to me 억만 Dollars
If you want me
If you if you want me
If you if you want me
Bring it to me 억만 Dollars
그럴듯한 말들은 No thanks
하나도 안 설레서 미안해
너 같은 남자들은 넘쳤어
여기저기 맞아 거기
어딜 가든 결국 Love me
Baby 너와 나는 너무 달라
나를 원한다면 배워 Manners
아주 뻔한 Love 당연한 Rules
I'm not your girlfriend
I'm not your girlfriend
Baby 너와 나는 너무 달라
나를 원한다면 붙어 Follow
흔치 않은 꿈 특별한 Luck
I'm not your girlfriend
I'm not your girlfriend
Oh yeah
달라 달라 나는 남달라
Oh yeah
달라 달라 나는 남달라
If you want me
If you if you want me
If you if you want me
Bring it to me 억만 Dollars
If you want me
If you if you want me
If you if you want me
Bring it to me 억만 Dollars
난 나쁜 게 아냐 솔직하게 말해
하고 싶은 대로 하는 게 뭐 어때
멋대로 생각하지 마 Oh oh
마음대로 날 대하지 마 Oh oh
난 나쁜 게 아냐 솔직하게 말해
하고 싶은 대로 하는 게 뭐 어때
멋대로 생각하지 마 Oh oh
마음대로 날 대하지 마 Oh oh
Oh yeah
달라 달라 나는 남달라
Oh yeah
달라 달라 나는 남달라
If you want me
If you if you want me
If you if you want me
Bring it to me 억만 Dollars]",2018.05.02
18,20056456,(여자)아이들,31054891,들어줘요,990741,I am,[427],"[한마디 떼어내기 너무 힘들죠
난 여기 있는데 기다리는데
그대는 보이지 않죠
날 바라보던 그대의 차가운 눈빛이
난 너무 낯설게 느껴져요
더는 어쩔 수 없는 걸 알죠
어두워진 밤하늘이
참 나와 닮아서 내 맘과 같아서
흐려진 그대 마음을 잡을 순 없나요
가끔 한 번씩
그냥 내 얘기를 들어줘요
내 마음 속 깊이 간직했던
얘기를 들려주고 싶어요
좀 더 멀어져도 괜찮아요
날 밀어내도 괜찮아요
나 항상 제자리에서
바보처럼 그대를 보며
기다릴 수 있죠
얼룩진 그대가 너무 미웠죠
난 여기 있는데 소리치는데
그대는 들리지 않죠
날 감싸 안던 우리의 소중한 추억이
이제 끝이라는 게 느껴져요
다만 이렇게 끝내긴 싫어
떨어지는 저 별들이
참 시려 보여서 내 맘도 그래서
차가워진 그대 등을 돌릴 순 없겠죠
가끔 한 번씩
그냥 내 얘길 들어줘요
내 마음속 깊이 간직했던
얘길 들려주고 싶어요
좀 더 멀어져도 괜찮아요
날 밀어내도 괜찮아요
나 항상 제자리에서
바보처럼 그대를 보며
기다릴 수 있죠
그대 왜 나를 떠나가나요
진심이었던 적 있었나요
솔직하게 말해줘요
정말 우린 끝난 건가요
돌아갈 순 없나요
돌아와 줘요
항상 내 옆에 있어줘요
입 밖에 꺼내지 못했었던
너무도 하고 싶었던 말
좀 더 멀어지기 싫어요 난
날 밀어내지 말아줘요
나 기다릴 수 있어요
사랑해요 사랑해요 그대]",2018.05.02
19,20056456,(여자)아이들,31054889,DON'T TEXT ME,990741,I am,[369],"[오늘따라 이상하리만큼
잠이 오지 않아 괜히 뒤척여
익숙한 듯 어떻게 연락해 어이없게
아무렇지도 않게 인사해 잘 지내
내겐 다시는 없을 것 같던
관계가 넌 가벼웠던 건지
지친 한숨과 뱉었던 끝이었던 걸
네가 모르는 건지
네 연락에 난 좀 화가 나
생각보다 나도 너를 더 몰랐나 봐
근데 더 이상 알고 싶지도 않아 난
우리 시간은 다 그때
그곳에서 멈췄으니까
별다를 것 없지 남이 된 너와 나
이제는 모든 게 변했어
그때로 멈췄지 그대로 우리는
Don't text me
Oh never 대답하고 싶지 않아
이제 와 내게 뭘 바라는 건지
너의 맘 난 알고 싶지 않아
지워줘 나도 내 번호도
좋은 기억 남았을 때 그만
미련 따위 Goodbye
네가 없던 나로 돌아가
연락하지 마 Goodbye
그때 우리 좋았었다는 말
다 지난 일이잖아
그냥 이렇게 너랑 나로 살아가
늦은 밤 뜬금없는 Message
내가 뭐 하는진 왜 궁금해
있을 때나 잘하지 내가 그렇게 쉽니
이제 그만 깨어나 꿈속에서
별다를 것 없지 남이 된 너와 나
이제는 모든 게 변했어
그때로 멈췄지 그대로 우리는
Don't text me
Oh never 대답하고 싶지 않아
이제와 내게 뭘 바라는 건지
너의 맘 난 알고 싶지 않아
지워줘 나도 내 번호도
좋은 기억 남았을 때 그만
미련 따위 Goodbye
네가 없던 나로 돌아가
연락하지 마 Goodbye
그때 우리 좋았었다는 말
다 지난 일이잖아
그냥 이렇게 너랑 나로 살아가
나도 좋았어 너의 눈동자 속에 오직
나만 살았을 때 까진 말이야
힘들었던 얘기가
가볍게 꺼내지는 걸 보니
이제 진짜 널 다 잊었나 봐
아팠어도 왠지
지우고는 싶지 않은 기억이라
못됐었던 너도 밉지 않아
그러니까 답은 안 할게
아름다웠던 추억으로 날 지나가줘
Oh never 대답하고 싶지 않아
이제와 내게 뭘 바라는 건지
너의 맘 난 알고 싶지 않아
지워줘 나도 내 번호도
좋은 기억 남았을 때 그만
미련 따위 Goodbye
네가 없던 나로 돌아가
연락하지 마 Goodbye
그때 우리 좋았었다는 말
다 지난 일이잖아
그냥 이렇게 너랑 나로 살아가]",2018.05.02
20,20056456,(여자)아이들,5967221,덤디덤디 (DUMDi DUMDi),20336166,덤디덤디 (DUMDi DUMDi),"[5,166]","[뜨거운 태양에 살짝 미친 난
쉽게 두 볼이 빨개지고
그러다 어질어질 달아오른 난
헤엄을 치듯 춤을 추고
음악을 더 크게 더 틀고 싶어
우리 사랑이 안 들리게
안아도 더 가까이 붙고 싶어
닿은 심장이 팡 터지게
바람은 두근대게 또 파도는 쿵쾅대게
저기 드러머처럼 내 마음을 두드려줘
내게 들려줘 이 여름의 그 노래를
Every night every mind
Every time every sign
어딜 가도 여긴 Tropical night
찌는 날 찌는 밤바다의 칼바람
잊을 수 없이 타오르는 밤
덤디덤디 덤디덤디
덤디덤디 덤디덤디
(Turn up my summer)
덤디덤디 덤디덤디
덤디덤디 덤디덤디
(Turn up my summer)
Hey drummer 무더위로 높여
Kick &amp; Snare는 우리 벽을 녹여
Oh god 흠뻑 젖어버린 속옷
야자수가 흔들리도록 춤 춰
폭죽 펑펑 터지는 축제에
텅텅 머리를 비우고
미친 듯 음악은 Turnt up
첨벙대는 파도의 Beat는
두구 둥 두구 둥 DJ
바람은 삐끼삐끼움
사랑을 더 세게 더 주고 싶어
나의 계절이 느껴지게
이대로 두 눈을 꼭 감고 싶어
태양이 떠도 영원하게
바람은 살랑대게 또 파도는 찰랑대게
저기 댄서들처럼 내 마음을 흔들어줘
내게 들려줘 이 여름의 그 노래를
Every night every mind
Every time every sign
어딜 가도 여긴 Tropical night
찌는 날 찌는 밤바다의 칼바람
잊을 수 없이 타오르는 밤
덤디덤디 덤디덤디
덤디덤디 덤디덤디
(Turn up my summer)
덤디덤디 덤디덤디
덤디덤디 덤디덤디
달이 잠들고 여름이 다 식으면
내게 불러줘 뜨거웠던 그때 노래를
Shout it out loud
Let's turn up my summer bae
Hit the drum
덤디덤덤 덤디디덤덤
덤디덤덤 덤디디덤덤
덤디덤덤 덤디디덤덤
덤디덤덤 (Turn up my summer)
덤디덤덤 덤디디덤덤
덤디덤덤
덤디덤덤 덤디디덤덤
덤디덤덤 (Turn up my summer)]",2020.08.03
21,20056456,(여자)아이들,31189322,한(一),17978020,한(一),"[7,941]","[Do you remember you remember
Remember what you said
너는 내게 뭐든 줄 것처럼
말을 건넸다
Don't you remember you remember
Remember what you said
너는 마치 무슨 약을
먹은 마냥 변했다
드리워진 Blue 내 흐려지는 눈
진짜 Is this true 후회 안 하냐고
내 어제의 My boo boo boo
Lonely life 좋아
다 삼켜버린 물 난 식어버린 듯
I want you to be ruined
붙잡지 않아 끝
넌 어제의 My boo boo boo
Lonely life 잘 가
차갑게 나를 본다 남인 듯 돌아선다
난 멍하니 서있다
몰랐던 너를 봤다 그저 웃음만 나온다
난 이제 너를 몰라
널 잊으리라 Woo woo woo
저리 가 오지 마 돌아보지도 말아
널 지우리라 Woo woo woo
저리 가 오지 마 돌아보지도 말아
Do you remember you remember
Remember what you said
나는 어떤 말도 못 해본 채
너를 보냈다
Don't you remember you remember
Remember what you said
나는 마치 무슨 약을
먹은 마냥 변했다
다 변했다 또 흔한 사랑처럼 뻔했다
굶주린 사자처럼 너는 날 너무 원했다
손짓과 건넨 말
거짓말이었다면 넌 세상 제일 못됐다
다 그런 거지 다 똑같지
엄마가 했던 말 전부 다 맞지
사랑은 까맣게 변했다
돌릴 수 없게 다 태웠다
오늘 난 내 기억 속에서 널 없앴다
차갑게 나를 본다 남인 듯 돌아선다
난 멍하니 서있다
몰랐던 너를 봤다 그저 웃음만 나온다
난 이제 너를 몰라
널 잊으리라 Woo woo woo
저리 가 오지 마 돌아보지도 말아
널 지우리라 Woo woo woo
저리 가 오지 마 돌아보지도 말아
멍든 내 맘의 흔적을 지우고
정든 네 눈에 내 맘을 비추죠
너무 차가워 깜짝 놀랄지 몰라
다시 내 앞에 돌아온다 해도
이젠 받아줄 자리가 없네요
끝이 난 거죠 난 이제 너를 몰라
널 잊으리라 Woo woo woo
저리 가 오지 마 돌아보지도 말아
널 지우리라 Woo woo woo
저리 가 오지 마 돌아보지도 말아]",2018.08.14
22,20056456,(여자)아이들,31878898,LION,20356834,I trust,[784],"[Ooh I'm a lion I'm a queen 아무도
그래 Ooh 날 가둘 수 없어 아픔도
붉은 태양 아래 Fire
파랗게 타는 Flower
미지근한 너의 애를 태우게
살짝 드러내는 Sharp claw
달아오르는 상처
발자국은 내 왕관을 맴돌게
난 나의 눈을 가리고 이 음악에 몸을 맡기고
뻔한 리듬을 망치고 사자의 춤을 바치고
넌 나의 눈을 살피고 이 음악에 몸이 말리고
뜨거운 리듬에 갇히고 사자에 춤을 바치고
It looks like a lion
I'm a queen like a lion
It looks like a lion
I'm a queen like a lion
그 강인한 울음은 너의 발을 내게 돌려
이 넓은 황야 속 크고 단단한 씨를 뿌려
그 웅장한 부름은 너의 맘을 내게 돌려
이 깊은 바닷속까지 거친 멜로딜 꽂아
더 탐을 내지 말어 자릴 지키는 Lion
때로는 사나워 질지 모르니
이제 환호의 음을 높여
모두 고개를 올려
어린 사자의 왕관을 씌우니
난 나의 눈을 가리고 이 음악에 몸을 맡기고
뻔한 리듬을 망치고 사자의 춤을 바치고
넌 나의 눈을 살피고 이 음악에 몸이 말리고
뜨거운 리듬에 갇히고 사자에 춤을 바치고
It looks like a lion
I'm a queen like a lion
It looks like a lion
I'm a queen like a lion
쓸데없는 예의 따윈 물어뜯어
편견이란 답답한 우리는 무너뜨려
감히 또 누가 날 막고 또 누가 날 조종해
조심해 다듬지 못한 발톱으로
아무도 가본 적이 없는 개척하는 길
뻔해 빠진 꼰대들은 혀를 차던 짓
그걸 해내고서야 받는 박수는
더 짜릿한 맛이지
그걸 맛봤고 이제 부정할 수 없어
I'm a queen
It looks like a lion
I'm a queen like a lion
It looks like a lion
I'm a queen like a lion
Ooh I'm a lion I'm a queen 아무도
그래 Ooh 길들일 수 없어 사랑도]",2020.04.06
23,20056456,(여자)아이들,31878895,Oh my god,20356834,I trust,"[4,035]","[눈부신 하늘에 시선을 가린 채
네 품 안에 안기네
흐르는 음악에 정신을 뺏긴 채
그대로 빨려 드네
Help me help me
숨이 멎을 것 같이 I feel
Set me free set me free
녹아 버릴 것 같이 So sick
쉴 틈 없이 빠져들고 이리저리 갖고 놀고
이성을 깨부수고 제멋대로 들어오지
위험하니 갖고 싶고 아픔까지 안고 싶고
결국 너를 품으니 난
Oh my god She took me to the sky
Oh my god She showed me all the stars
Babe babe 달려들 것만 같이 Come in
Make me make me
정신 나갈 것 같이 Like it
Oh god 어찌 저에게
이런 시험을 줬나요 Is it a call from hell?
Can't stop 대체 어떻게
그녀를 빠져나갈까요
당신이 준 절제는
어두운 블랙홀 속 갈기갈기
찢겨져 혼이 나간 채로 그저 어리버리
통제가 불가능해 설탕 뿌린 마약같이
이게 죄라면 벌이라도 아주 달게 받지
미친 듯이 아름답고 다시 보니 악마 같고
이성을 쏙 빼놓고 제멋대로 들어오지
불꽃처럼 강렬하고 데일만큼 사랑하고
결국 너를 품으니 난
Oh my god She took me to the sky
Oh my god She showed me all the stars
짙은 보랏빛 향길 온몸에 물들이고
높고 넓은 하늘의 저 끝까지 퍼트리네
짙은 붉은색 사랑을 얼굴에 새기고
그 누가 뭐라 해도 Fall in love
Oh my god She took me to the sky
Oh my god She showed me all the stars
눈부신 하늘에 시선을 가린 채
네 품 안에 안기네
흐르는 음악에 정신을 뺏긴 채
그대로 빨려 드네]",2020.04.06
24,20056456,(여자)아이들,31878896,사랑해,20356834,I trust,"[1,474]","[너 아찔하게 웃지 마
좀 위험하니까 (Danger)
또 뚫어지게 보지 마
너무 뜨거우니까 (So hot)
누가 좀 말려 눈빛에
찌릿찌릿 감전돼버려
당장 확 안겨 버릴 것만 같아
아무리 나쁘단 걸 알려줘도
반항아처럼 들리지가 않아
(You are foxy) 이성을 덮치니
(I'm stupid) 멍청히 홀려 버리지
거부하기가 싫은 걸 이미 Fall in Luv
강하게 부는 달콤한 바람에
높던 벽은 쉽게 무너지고
삼킬 수 없이 차오른 마음에
이제 더 이상은 못 참겠어
사랑해
I Luv U Luv U Luv U
Babe babe
I Luv U Luv U Luv U
Babe babe
더 깊게 빠져 네게 미치게 OK
너 멍청하게 굴지 마 좀 귀여우니까
또 은근슬쩍 붙지 마 난 빨개지니까
그 자연스러운 터치가 Oh bomb bomb
내 맘을 터지게 만들어
매 초마다 커지게 만들어
덤덤히 굴어도 번번이 실패해
어쩜 이리 약 올려
나쁜 미소로 문을 두드리지 마
유리 같은 하트는 쉽게 부서지니까
아니 사실 이미 열려 있어
그냥 들어와도 돼
I don't care I already Luv U
강하게 부는 달콤한 바람에
높던 벽은 쉽게 무너지고
삼킬 수 없이 차오른 마음에
이제 더 이상은 못 참겠어
사랑해
I Luv U Luv U Luv U
Babe babe
I Luv U Luv U Luv U
Babe babe
빨개져 버린 나의 Luv
위험에 빠진 나의 Luv
사랑해
I Luv U Luv U Luv U
Babe babe
I Luv U Luv U Luv U
Babe babe]",2020.04.06
25,20056456,(여자)아이들,31878897,Maybe,20356834,I trust,[785],"[유독 추웠던 밤에 잠을 설쳤는지
잠이 깬 밝은 아침 어둠이 가득한 너
뭐 그리 불안한지
나를 꽉 안고서 사랑을 달라는
너는 내 모든 걸 부수고 망쳐놨지
내 일상 내 사람까지 Yeah
종일 원망하다가도
떠나려면 아직 난 Oh 난
Don't worry babe
I love you babe
네 곁에 있을게
Maybe
Maybe
무너질 듯 유지되고 불안한 듯 반복되는
포기하고 싶어지다 널 보면 난 Oh 난
아니야 Babe
I love you babe
네 손잡아 줄게
Maybe
Maybe
이렇게 네 곁에 있을게
Maybe
이렇게 네 옆을 믿을게
Stay with me stay with me
아무 생각 없게
못 이기는 척 있을게 날 붙잡아줘
Maybe
Maybe
이렇게 네 곁에 있을게
Maybe
이렇게 네 옆을 믿을게
Maybe]",2020.04.06
26,20056456,(여자)아이들,31878899,Oh my god (English Ver.),20356834,I trust,[339],"[Nothing can pull me away
From your embrace
I'm not going anywhere
Here we go again
I hear the sound of pain
Flowing slowly through my veins
Help me help me
Oh I don't know how to breathe for real
Set me free set me free
This craving is gonna be deadly
I know that you're only playin'
I hate it so much I love it
What would be the repercussions
If I let you inside me
It's so dangerous I want it
Guess you got me where you want me
I don't care that I'm addicted
Oh my god She took me to the sky
Oh my god She showed me all the stars
Babe babe
You got me losing my mind tonight
Toxic toxic
I tell my friends that I'm fine it's a lie
Oh god
I should stay away
But then you will hit me up
And I am on my way
Can't stop
Girl you make me sick
But then you make me wanna stick around
I know I got it bad it feels good
Yeah I'll regret it
You're detrimental to my health
But I ain't never leavin'
I'm probably crazy
But I need it want it gotta have it
You may be poison
But sure as hell taste like honey
Losing all my senses when you
Pull me close I don't know how to
Let go of this passion
So just burn me with your loving
I can't control this desire
We get close the flames get higher
Nothing can put out this fire
Oh my god She took me to the sky
Oh my god She showed me all the stars
Put your hands all over
Want your smell on me forever
I'm losing my composure
Can't nobody do me better
Time and time again
I told myself I need to let go
Then I fall right back into your arms
Oh my god She took me to the sky
Oh my god She showed me all the stars
Nothing can pull me away
From your embrace
I'm not going anywhere
Here we go again
I hear the sound of pain
Flowing slowly through my veins]",2020.04.06
27,20056456,(여자)아이들,31634356,Uh-Oh,20303610,Uh-Oh,"[4,769]","[Uh oh 거기 누군가요
Uh oh 나를 안다고요
Uh oh 난 잊어버렸죠 버렸죠
너도 웃기지 않나요
난 좀 당황스럽네요
Uh oh 친한 척 말아줘 말하고 다녀
Uh uh oh 만지지 말고 저기 떨어져요
내게 뭐를 원하나요 다 똑같죠 너처럼
너 같은 거는 이제 전혀 모르겠네요
Uh uh oh 나 변했나요 다 똑같죠 너처럼
베풀거나 내주거나 천사 같은 Hello
달콤하게 사탕 발린 말도
예의 없어 착한 척 말고 꺼져
이제 와 가식 따위 떨지 말아
맴돌거나 말 걸거나 박쥐 같은 Follower
내 성공을 점쳤다는 Liar
어이없어 친한 척 말고 꺼져
널 위한 가식 따윈 기대 말아
엉망진창 Only see now
몰랐지 오리 속 Swan
황홀한 케이크 위 Blow out
내 머리 위에 Crown
Yo 말했지 이곳의 보석은 나야 투자해 어서
넌 번쩍거린 것만 찾느라
여길 번쩍 들어 올릴 난 못 찾았어
Uh uh uh uh uh uh
No no no no no no
너 별로 더 별로야 됐으니 꺼져
Uh uh oh 만지지 말고 저기 떨어져요
내게 뭐를 원하나요 다 똑같죠 너처럼
너 같은 거는 이제 전혀 모르겠네요
Uh uh oh 나 변했나요 다 똑같죠 너처럼
베풀거나 내주거나 천사 같은 Hello
달콤하게 사탕 발린 말도
예의 없어 착한 척 말고 꺼져
이제 와 가식 따위 떨지 말아
맴돌거나 말 걸거나 박쥐 같은 Follower
내 성공을 점쳤다는 Liar
어이없어 친한 척 말고 꺼져
널 위한 가식 따윈 기대 말아
Uh oh 믿을 수 없게
Uh oh 손댈 수 없게
Uh oh 잘못된 것 같은 얘기
Yo you got it
Don't mess with me
Umm I'm not finished
Ok let's go
아무도 몰랐지
이 Masterpiece 이 Masterpiece
입가에 반복되는 Melody oh melody
너무나 완벽한 내 A to Z oh A to Z
팬들은 사랑해 Yeah LOVE yeah LOVE
Uh oh]",2019.06.26
28,20056456,(여자)아이들,6050959,화(火花),20345924,I burn,"[3,260]","[차디찬 한겨울이 덮친 듯
시간은 다 얼어버리고
잔인한 그 바람이 남긴 듯한
어둠은 더 깊어 버리고
벗어나리오
끝없이 펼쳐진 기약 없는 계절을
지워내리오
뜨겁지 못한 날들에 홀로 데인 흉터를
큰불을 내리오
이 내 안에 눈물이 더는 못 살게
난 화를 내리오 더 화를 내리오
잃었던 봄을 되찾게
차갑게 부는 바람이 눈이
하얗게 덮인 마음이
아침이 오면 부디 모두 녹을 수 있게
불을 지펴라
화 火
타올라 타올라
화 火
꽃피우리라
화 火
타올라 타올라
화 火
꽃피우리라
내 너의 흔적 남지 않게 하리
못다 한 원망도 훨훨 타리
쓸쓸한 추위를 거둬 가길
남겨진 시들은 꽃길을 즈려 밟지
한을 풀리라 다시금 봄을 누리라
추억은 모조리 불이 나 거름이 돼
찬란한 꽃을 피우리라
난 화를 내리오 더 화를 내리오
잃었던 봄을 되찾게
차갑게 부는 바람이 눈이
하얗게 덮인 마음이
아침이 오면 부디 모두 녹을 수 있게
불을 지펴라
화 火
타올라 타올라
화 火
꽃피우리라
화 火
타올라 타올라
화 火
꽃피우리라
끊어진 인연의 미련을 품에 안고
시렸던 시간을 나를 태워간다 화
화 花
화 花
불을 지펴라
꽃피우리라]",2021.01.11
29,20056456,(여자)아이들,6050960,MOON,20345924,I burn,"[2,097]","[달이 밝은 밤 숨지 못한 나
붉은색의 달빛에 내 눈물이
내 표정이 보여
Do not shine on me oh moon
Moon 아직 이곳은 어두울래
Do not come near me oh moon
잠시 웃음을 벗게
Turn off the moonlight
Please don't let it shine
아침이 오기 전까지
아무도 날 볼 수 없게
Please hide me
달이 밝은 밤 잊지 못한 나
푸른색의 하늘에
그 웃음이 그 얼굴이 보여
Do not shine on me oh moon
Moon 제발 이곳은 혼자일래
Do not come near me oh moon
잠시 슬픔을 덜게
Turn off the moonlight
Please don't let it shine
아침이 오기 전까지
아무도 날 볼 수 없게
Please hide me
붉은 달아 날 데려가 줘 Sky
너의 캄캄한 우주에
이 별을 숨길 수 있게
Please hide me
달이 밝은 밤 울지 못한 나]",2021.01.11
30,20056456,(여자)아이들,6050963,DAHLIA,20345924,I burn,[965],"[너무 아름다워
그저 널 눈으로 바라만 봐도 반하네
스쳐 지나가도
달콤한 향기에 더 빠져버리도록
So fascinated
화려함 속에 가려진 활짝 핀 미소 뒤에
감춰둔 네 모습은 보이는 것처럼 예쁠까
믿지 마요 Dahlia 위험해요 Darling
나 혼자 간직한 채로 널 보고 싶어
My love is Dahlia
Our love is Dahlia
너란 꽃에 취해 버린 내게
No matter what they say
I'll choose to love you anyway
Cuz you're my Dahlia
Love is whim 또다시 사랑에 덤빈
My name is fool 변할 걸 알고도 던진
붉은 향에 취한 걸음은 단 한 번 멈칫 없이
달려가는 중이야 별빛처럼 노란 품에
점점 짙어지는 사랑의 컬러
돌이킬 수 없이 깊어져 벽을 다 헐어
모든 걸 뺏긴 난 그저 이 순간 I pray to God
제발 이 꽃은 영원히 아름답기를
화려함 속에 가려진 활짝 핀 미소 뒤에
감춰둔 네 모습은 보이는 것처럼 예쁠까
믿지 마요 Dahlia 위험해요 Darling
나 혼자 간직한 채로 널 보고 싶어
My love is Dahlia
Our love is Dahlia
너란 꽃에 취해 버린 내게
No matter what they say
I'll choose to love you anyway
Cuz you're my Dahlia
점점 물들여져 네게 깊어지는 내 맘속에
어느새 피어난 꽃처럼
너로 가득 채워지고 있어
My love is Dahlia
Our love is Dahlia
헤어 나올 수 없으니까 네게
No matter what they say
I'll let me love you anyway
Cuz you're my Dahlia
너무 아름다워
그저 눈으로 바라만 봐도
스쳐 지나가도
매료된 향기에 빠져드네
Keep falling]",2021.01.11
31,20056456,(여자)아이들,6050958,한(寒),20345924,I burn,"[1,056]","[끝이 없구나 차디찬 계절 참 길구나
꽃 하나 없구나 그날의 나 여전하구나
잊겠다 했던 그 다짐은 바람 한 번에 휘청이고
지우겠댔던 그 약속도 전부 거짓이었던 것처럼
단 하루 떠올리지 않은 날 따위 없음을
어제는 그리워 오늘은 원망하였음을
차갑던 그날의 날 믿은 듯
뒤도 돌아보지 않는구나
라라라라라라라 라라
라라라라라라라 라라
다시 너의 봄을 기다리는 건 내 욕심인 걸까
나무 사이 걸린 저 달은 몇 번을 다시금 차올라
이별을 녹이는 달빛에 눈물만 차오르는 나는
단 하루 떠올리지 않은 날 따위 없음을
오늘은 그리워 내일은 원망하였음을
차갑던 그날의 날 믿은 듯
뒤도 돌아보지 않는구나
라라라라라라라 라라
라라라라라라라 라라
라라라라라라라 라라
라라라라라라라 라라
다시 너의 봄을 기다리는 건 내 욕심인 걸까]",2021.01.11
32,20056456,(여자)아이들,6050962,LOST,20345924,I burn,[656],"[눈부신 햇빛 손으로 가리면 어두워질까
얼룩진 추억에 너를 가리면 잊혀질까
혹시 나처럼 기억하니 너도
그 따뜻했던 수많은 밤들이 스쳐가
네가 떠나고 나도 모르게
어느새 나도 잘 버티고 있던 거야
I don't wanna think about you without you
예전같이 함께 할 수 없잖아
I don't wanna think about you without you
뒤돌아봐도 네가 없잖아
이제 전부 다 난 잃었다
다시 돌아갈 수 없잖아
이제야 난 너를 잊는다
남김없이 전부 지운다
그깟 사랑이 다 뭔데 그냥 가져가라 그래
나를 사랑하지 않는 고작 너 때문에
눈물 낭비하긴 싫어 그래 이 자리를 빌려
완벽한 엔딩을 찍자 진짜 마지막
기다리지 않을 거야 후회하지 마
지금 아픈 건 나지만 결국 잃은 건 너야
널 사랑하는 나니까
혹시 나처럼 기억하니 너도
그 따뜻했던 수많은 밤들이 스쳐가
억지로 나를 지운 거라면
그 방법을 좀 알려주면 좋을 텐데
I don't wanna think about you without you
예전같이 함께 할 수 없잖아
I don't wanna think about you without you
뒤돌아봐도 네가 없잖아
이제야 난 너를 잊는다
남김없이 전부 지운다
I don't wanna think about you without you
Now I I lost you
I don't wanna think about you without you
Now I I lost you
눈부신 햇빛 손으로 가리면 어두워질까
그 안에 우리 추억들 모두 다 또 떠오를까]",2021.01.11
33,20056456,(여자)아이들,6050961,Where is love,20345924,I burn,[506],"[어두운 밤 창가의 바람을 머금다
문득 네가 떠올라 가볍게 웃어 난
무너졌던 기억들이 조금씩 무뎌지고
너를 놓고 나를 찾고
잃었었던 웃음들이 다시금 채워지며
너를 잊고 나를 찾아
시간이 너무 늦어지고 기다림이 잊혀지고
그리 뜨겁던 사랑은 하늘 위로 흩어져
Where is love
Where is love
Where is love
Where is love
Where is love
Fake 같이 나은 Lovesick
지나친 매일 앞에서 나 역시
잊혀진 감정은 상처를 데리고
이 세상에서 살아져 맥없이
Like a smoke 참 뜨거웠던 Hug
설렘으로 시작된 봄여름 참 아팠던 겨울
아무도 떠올리지 못하게 된 Love
(If I could let go)
놓지 못한 미련들을 추억에 접어두고
너를 놓고 나를 찾고
미뤄뒀던 행복들이 하루를 두드리며
너를 잊고 나를 찾아
시간이 너무 늦어지고 기다림이 잊혀지고
그리 뜨겁던 사랑은 하늘 위로 흩어져
Where is love
Where is love
Where is love
Where is love
Where is love
Where is love
Where is love
Where is love
Where is love
이렇게 사라질 거라면 왜 그리 뜨거웠던 건지
작은 흔적도 남기지 않은 채로 흩어져
Where is love]",2021.01.11
34,20056456,(여자)아이들,31476927,Senorita,20314789,I made,"[4,231]","[그대여 왜 그렇게 쳐다보나요?
아무 말도 건네주지 않고
나의 눈을 피하지도 않고
그대여 왜 그렇게 가까이 와요?
아직 우린 모르는 게 많죠
나 그댈 뭐라 불러야 하죠
조금 빠르게 어쩜 바쁘게
뭐든 I don't care I don't care
I don't care
뭔가 다르게 더 나쁘게
뭐든 I'm ok I'm ok I'm ok
나 어떡하죠
워어어워어어
워어어워어어
워어어워어어
이리 와 이리 와 이리 와 이리 와
워어어워어어
워어어워어어
워어어워어어
Hey senōr
다가와 줘요 내게로
안아줘 세게 더
알고 싶어 About you
I fell in love with you
몰라요 It is true
그냥 Love you so love you so
Love you so
불러줘요 나를
Senorita
Senorita
Senorita
Senorita
그대여 왜 그렇게 웃고 있나요
자꾸 마음이 그대에게 가죠
나 그댈 어찌 보내야 하죠
그냥 넌 나에게만 집중해봐
남들 눈이 중요한가
가득 품에 안아줘 봐
이름 따위 몰라도 돼
갖고 싶다 말해 봐봐 사랑해봐
워어어워어어
워어어워어어
워어어워어어
Hey senōr
다가와 줘요 내게로
안아줘 세게 더
알고 싶어 About you
I fell in love with you
몰라요 It is true
그냥 Love you so love you so
Love you so
불러줘요 나를
Senorita
Senorita
Senorita
Senorita
유후후후후후후후후
유후후후후후후후후
유후후후후후후후후
유후후후후후후후후
(Senorita) 유후후후후후후후후
(Senorita) 유후후후후후후후후
(Senorita) 유후후후후후후후후
(Senorita) 유후후후후후후후후
Hey senōr]",2019.02.26
35,20056456,(여자)아이들,31476929,싫다고 말해,20314789,I made,"[1,051]","[싫다고 말해
사랑하지 않는다고 말해 봐
내 맘이 떠날 거 같이
네가 미워질 거 같이
좋다고 말해
아니 사랑하고 있다고 말해줘
좋았던 그때와 같이
이제 사랑할 순 없니
네 눈빛은 대답을 건네고
미안한 듯 한숨만 내쉰다
그렇게 무너진다
난 무너진다
너와의 시간은 멈추고
그렸던 미래가 안 보인다
꿈처럼 부서진다
다 부서진다
어두워지고 심장은 멍들고
눈물이 번진 날 본다면
넌 멀어질까 날 멀어질까
사랑했었던 네 맘을 채웠던
난 지금 죽을 거 같은데
넌 멀어질까 날 멀어질까
아파아이야 아이야
아파아이야 아이야
아파아이야 아이야
아파아이야 아이야
싫다고 말해
그냥 솔직히 전부 말해줘
그니까 변한 거 맞지
내가 싫어진 거잖아
설렜던 시작은 어디로
내 발밑엔 눈물만 남는다
모든 게 무너진다
난 무너진다
지나간 추억을 머금고
알면서도 또 네게 묻는다
이렇게 끝인 걸까
우린 끝인 건가
어두워지고 심장은 멍들고
눈물이 번진 날 본다면
넌 멀어질까 날 멀어질까
사랑했었던 네 맘을 채웠던
난 지금 죽을 거 같은데
넌 멀어질까 날 멀어질까
아파아이야 아이야
아파아이야 아이야
아파아이야 아이야
아파아이야 아이야
싫다고 말해
사랑하지 않는다고 말해 봐
내 맘이 떠날 거 같이
네가 미워질 거 같이
좋다고 말해
아니 사랑하고 있다고 말해줘
좋았던 그때와 같이
이제 사랑할 순 없니]",2019.02.26
36,20056456,(여자)아이들,31476928,What's Your Name,20314789,I made,[677],"[아픈 말 아픈 맘 모두 구름 가득 담아
내려봐 잊어봐 한밤의 꿈처럼 말이야
우리와 너 그 아름다웠던 단어들도 이제
다 없는 거야 모르는 거야
흐린 하루를 보낸 뒤엔
아픈 빗물이 다 거두어지면
작은 별들 사이까지 가볼까
You were my life
You were like 나의 바다였었어 이젠
What's your name
Oh what's your name
What's your name
Let's forget it all
Your name
Let's forget it all
What's your name
Let's forget it all
What's your name
What's your name
더 더 더 더 세게 내리오
Your name
더 더 더 더 빨리 내리오
What's your name
더 더 더 더 크게 내리어줘
내리어줘 내리어
지워가 지워가 너의 눈
비워가 비워가 너의 몸
이보다 이보다 더 멋진
더 멋진
더 멋진 남자도 많이 만날게
날 떠난 너보다 얄밉게
우중충한 까만색 생각은
바람처럼 지나칠게
하늘아 비 좀 그쳐 줘
눈앞이 자꾸 흐려서
뭘 못하겠어 어서 널 씻어
내리오 다 내리오
아픈 빗물이 다 거두어지면
작은 별들 사이까지 가볼까
You were my life
You were like 나의 바다였었어 이젠
What's your name
Oh what's your name
What's your name
Let's forget it all
Your name
Let's forget it all
What's your name
Let's forget it all
What's your name
What's your name
더 더 더 더 세게 내리오
Your name
더 더 더 더 빨리 내리오
What's your name
더 더 더 더 크게 내리어줘
내리어줘 내리어
지워가 지워가 너의 눈
비워가 비워가 너의 몸
이보다 이보다 더 멋진
더 멋진 더 멋진
행복했어 아름다웠어
지우기 싫을 만큼
사랑해서 널 보낼 수가 없어
널 잊을게
What's your name
Let's forget it all
Your name
Let's forget it all
What's your name
Let's forget it all
What's your name
What's your name
더 더 더 더 세게 내리오
Your name
더 더 더 더 빨리 내리오
What's your name
더 더 더 더 크게 내리어줘
내리어줘 내리어
지워가 지워가 너의 눈
비워가 비워가 너의 몸
이보다 이보다 더 멋진
더 멋진 더 멋진]",2019.02.26
37,20056456,(여자)아이들,31476931,Blow Your Mind,20314789,I made,[715],"[Don’t wanna be unsteady
Don’t wanna be uncertain
그저 원해 Stay calm
난 너의 그림과 같아
Every time I see you
담긴 이 두 눈에
Every time I need you
있어줘 내 앞에서
Baby you 넌 이미 All of my mind woo
You are the reason why I woo
You make me crazy
어느새 네 맘에 들 것 같아
더 깊이 빠질 것만 같이
사랑해 죽을 것만 같이
만들어줄게 너의 바디부터 너의 머리
또 마음까지 내 걸로 다
거기 맴 돌지 말고 좀 내 옆으로 와
같은 거 아니까 너 뺄 생각 말고
생각해봐 우리 둘이 낼 뭐 할까
Baby you 넌 이미 All of my mind woo
You are the reason why I woo
You make me crazy
어느새 네 맘에 들 것 같아
Blow your mind 여길 봐
조그마한 찰나의 순간까지 놓치지 마
Baby you 넌 이미 All of my mind woo
You are the reason why I woo
You make me crazy
어느새 네 맘에 들 것 같아]",2019.02.26
38,20056456,(여자)아이들,31476930,주세요,20314789,I made,[523],"[안경 낀 바보 같은 얼굴도
자다 일어난 눈곱 낀 모습도
많이 먹어 배 나온 요즘도
좋아 죽을 것만 같은 걸
이렇게 멋있는 네 옆에
난 누워있을 때면
가끔은 이 상황이 믿기지가 않아서
사랑을 또 되묻고 나서야
편하게 잠에 드는 걸
여기도 저기도 전부다 왜 멋있는지
넌 남들이 보기에도 멋있는지
매일 밤 고민하는 나에게
너를 좋아하는 나에게
네 사랑을 주세요 이보다 더
받고 또 받아도 부족해
그대가 좋아요 이만큼요
나 그댈 진짜 사랑하나 봐
왜 이리 멋져요 불안해요
이렇게 과분한 사람이
왜 내가 좋아요 어떻게요
그대가 내게 온 거냐고요
네가 가끔 피곤한 말투로
내가 귀찮은 것처럼 굴면
서운한 맘이 별처럼 커져
짜증 내버리고 마는 걸
나도 알아 못해준 것보다
잘해준 게 더 많단 걸
미안해 자꾸 화만 내는 나라서
행복해 너와 난 함께라서
사랑해 늘 행복하자
여기도 저기도 어디도 또 없을 거야
내 사랑은 네 옆이 마지막일 거야
평생을 함께해줄 나에게
너에게 푹 빠진 나에게
네 사랑을 주세요 이보다 더
받고 또 받아도 부족해
그대가 좋아요 이만큼요
나 그댈 진짜 사랑하나 봐
왜 이리 멋져요 불안해요
이렇게 과분한 사람이
왜 내가 좋아요 어떻게요
그대가 내게 온 거냐고요
이런 나를 사랑해준 고맙고 고마운 너에게
내 사랑을 줄게요 이보다 더
사랑할 순 없을 거예요
그대가 좋아요 좋다고요
나 그댈 진짜 사랑하나 봐
왜 이리 멋져요 불안해요
이렇게 과분한 사람이
듣고 있어요? 너라고요
내가 이렇게 좋아해요]",2019.02.26
39,20056456,(여자)아이들,31296997,POP/STARS,20358557,POP/STARS,"[7,956]","[You know who it is
Coming 'round again
You want a dose of this Right now
It's K/DA uh
I'm a goddess with a blade
소리쳐봐 내 이름 잊지 못하게
Loud loud loud loud
I could take it to the top
절대 멈추지 못해
내가 끝내주는
Bad gal gal gal
And when I start to talk like that (like that)
Oh you won't know how to react
I'm a picture perfect face
With that wild in my veins
You can hear it in my
Growl growl growl growl
So keep your eyes on me now
무엇을 보든 좋아할 거야
닿을 수 없는 level
나와 대결 원한 널 확신해
We gotta it all in our hands now
So can you handle what we're all about
We're so tough
Not scared to show you up
Can you feel the rush now?
Ain't nobody bringing us
Down down down
They could try
But we're gonna wear the crown
You could go another
Round round round
Wish you luck
But you're not bringing us down
We go hard Till we get it get it
We go hard
We so in it in it
We POP/STARS
Only winning winning now
Ain't nobody bringing us
Down down down down
Hey You ready for this? Lessgo
See 언제든지 내 모습 Magic
단 한 번에 내가 잡어
절대 기죽지 않지 uh
Pow pow 네가 뭘 알아
견딜 수 없어 원해도
원하는 게 얼굴에 보여
I'm trouble and you're wanting it
I'm so cold
When I move that way
You gonna be so blown
I'm the realest in the game uh
Say I'm on fire with a blade
You're about to hear my name
Ringing in your head like ohhh
So keep your eyes on me now
무엇을 보든 좋아할 거야
We're so tough
Not scared to show you up
Can you feel the rush now?
Ain't nobody bringing us
Down down down
They could try
But we're gonna wear the crown
You could go another
Round round round
Wish you luck
But you're not bringing us down
We go hard
Till we get it get it
We go hard
We so in it in it
We POP/STARS
Only winning winning now
Ain't nobody bringing us
Down down down down
Ooh mm Oh 난 멈추지 않아
Oh oh we go hard
Oh oh we POP/STARS stars
Ain't nobody bringing us
Ain't nobody bringing us
Down down down
They could try
But we're gonna wear the crown
You could go another
Round round round
Wish you luck
But you're not bringing us down
We go hard Till we get it get it
We go hard
We so in it in it
We POP/STARS
Only winning winning now
Ain't nobody bringing us
Down down down down]",2018.11.04
40,20056456,(여자)아이들,31962922,i'M THE TREND,20325080,i'M THE TREND,"[1,335]","[I don't need a perfume 향수를 뿌리지 않아도
주변에 항상 나비들이 모여들고
I don't wear fancy clothes 내가 입은 옷은
전부 Sold out calm down
다 여기 좀 봐
난 너희가 딱 되고 싶은 모습을 모두 담았잖아
그 독한 프듀 언프 퀸덤 버티고 한계를 넘은
매력은 널 홀리고 흔들고 덮치고 훔치고
네 생활은 내게 먹히고
그래 멋진 거 예쁜 거 쩌는 거 다 해 먹어
Yeah I'M THE TREND
I'M THE TREND wherever we go
It never ends can't you see that line
저기 나를 위해 기다리는 보랏빛을 봐 봐
'Oh my god'
I'm gonna 'Blow Your Mind'
And make your everyday 'LATATA'
I'm a queen like a 'LION'
You better move like woh 'Uh Oh'
I'm gonna 'Blow Your Mind'
And make your everyday 'LATATA'
Now you're in my 'MAZE'
You better move like 'senorita'
점점 바빠지네 시간들 무덤덤해
난 오히려 맑은 Mind
머릿속에 밝은 생각들을 따라
사람들은 우리 아이들을 따라 해
사와디카 I'm 김민니 내 매력은 셀 수 없지
왼손잡이 태국인 But they think I'm 한국인
Becuz 내 예쁜 글씨체 이젠 내 Font가 필요해
더 많지만 여기까지 니차 욘따라락 컵쿤카
I'M THE TREND wherever we go
It never ends can't you see that line
저기 나를 위해 기다리는 빨간빛을 봐 봐
'Oh my god'
I'm gonna 'Blow Your Mind'
And make your everyday 'LATATA'
I'm a queen like a 'LION'
You better move like woh 'Uh Oh'
I'm gonna 'Blow Your Mind'
And make your everyday 'LATATA'
Now you're in my 'MAZE'
You better move like
Hey Senor
왼쪽으로 두 스텝
Raise your hands
And make 'em clap clap 따라 해봐
반대로 오른쪽으로 두 스텝
Let your body move again
Let 몸 가는 대로
I'M THE TREND wherever we go
It never ends can't you see that line
저기 나를 위해 기다리는 보랏빛을 봐 봐
'Oh my god'
I'm gonna 'Blow Your Mind'
And make your everyday 'LATATA'
I'm a queen like a 'LION'
You better move like woh 'Uh Oh'
I'm gonna 'Blow Your Mind'
And make your everyday 'LATATA'
Now you're in my 'MAZE'
You better move like 'senorita']",2020.07.07
41,20056456,(여자)아이들,32052242,MORE,20256803,MORE,[729],"[K/DA
Should we show 'em how we do it everyday
(Na na na)
Let's get 'em
Akali that girl
Kali go grr
Kali don't stop
Kali don't skrr
Kali got a job
Kali go to work
뜨거워 언제나
Don't get burnt
넘쳐흘러 More than a buffet
난 죽여 주잖아 like I'm Buffy
누가 감히 On my huffy
거 문 열지 마 That's a rough day
I'm giving you more
Cause I'm greater than
필요 없는 시험들
답은 이미
But all of my numbers are talking babe
부루마블 Mrs 모노폴리
너는 종이 돈이 나는 Real money
필요 없대 너네들이 많은 돈들
Go get it go get it go get it the mission
눈을 못 떼 모두 그래 너도 그래
Cause I got it different
All I'll ever know
Is life up on a throne
시작하면 끝을 보는 거야
You want
More
Know I got it
So here you go
You look like you could use some more
Know I got it
And never running low
Yeah I got
More than enough add it up and away
You know I got it like
Bomb bomb Blow your mind
Never giving less and that's how it'll stay
You know I got it like
All day All the time
When I go it's for gold
Yeah they cool but I'm cold
I don't fit in the mold
I'm a rebel
I don't do what you say
Making moves I don't wait
While I smile in your face
I got different DNA
What's higher than the top
That's me
Come take a look
Before falling at my feet
조용히 몸을 숙여봐
So take a look
나를 기억해 A queen
All I'll ever know
Is life up on a throne
시작하면 끝을 보는 거야
You want
More
Know I got it
So here you go
You look like you could use some more
Know I got it
And never running low
Yeah I got
More than enough add it up and away
You know I got it like
Bomb bomb Blow your mind
Never giving less and that's how it'll stay
You know I got it like
All day All the time
Way out
Feeling like an ocean
On the wave now
Feeling like I’m floating
Never weighed down
This is how I do it everyday
Wow
But I know I know
You want some more
I know what you
Been asking for
I know I know
You want some more
If you ready let’s go
Giving it all]",2020.10.29
42,20056456,(여자)아이들,32060127,THE BADDEST,20345610,ALL OUT,[129],"[Baddest do what the baddest do
The baddest do we the baddest ooh
Baddest do what the baddest do
The baddest do we the baddest
Coming at you live
Real real wild
Here to light it up
Set the world on fire
Gonna break rules
And hearts in twos
Cause that's what the baddest do
Never going back
Nah not that
Diamonds on drip
Cause I came to make a splash
Gonna break rules
And hearts in twos
Cause that's what the baddest do
I spit heat I melt your face off
Disappear I'm your eraser
In the cut just like a razor
Murder business where my blazer?
I got all the boys on me
I got all the lines on ring
Knock 'em dead turnin heads
I got all the eyes on me
Pretty face 걸어 들어와
유행선두자
원하지만 못하잖아
애가 타잖아
You like whoa Kali you the goat
난 알지 I know
준비해 Cause I like to ball
멈추지 않아
나는 Lit 크게 Like a bit
그거 말고 Byte
믿어봐 큰 만큼 크게
어깨 펴고 High
백 퍼센트
덤비지 못해
죽여주잖아
나는 Boss 간지 With the sauce
원하면 줄게
I'm doing damage
Went just how I planned it
I do what I want when I say
모두 날 따라해
난 끝내주잖아
(Like) to live on the edge of insane
Coming at you live
Real real wild
Here to light it up
Set the world on fire
Gonna break rules
And hearts in twos
Cause that's what the baddest do
Never going back
Nah not that
Diamonds on drip
Cause I came to make a splash
Gonna break rules
And hearts in twos
Cause that's what the baddest do
(It's crazy)
Sorry for the bad news sorry I'm so bad
Only took a minute for me
To get what you had
Sorry for the bad news know it
Makes you sad
I'll be here for a minute baby
You should pack your bags
Way that I look should be breaking the law
If I don't got it I take what I want
My circle small like a round of applause
You know that I love the sound of applause
You know I mean everything that I say
When you see me coming get out of the way
I came to slay I came to slay
Back and I'm better and ready to stay
I'm doing damage
Went just how I planned it
I do what I want when I say
모두 날 따라해
난 끝내주잖아
(Like) to live on the edge of insane
(It's crazy)
Sorry not sorry for being the best
언제든지 내가 좀 해
Look at the gold all on my chest
Look at the gold call it a flex]",2020.11.07
43,20056456,(여자)아이들,6107687,Last Dance (Prod. GroovyRoom),4082355,Last Dance (Prod. GroovyRoom),[620],"[죽을 듯이 또 울어도 찢어질 듯이 불러도
벼랑 끝에 서 있어도 더 이상 상관없는 걸
여리한 그 자태 붉어진 달
숨은 막 턱 끝까지 차올라
어느새 깊게 드리워진 밤
심장은 뜨거워 She got the Bomb
얼음처럼 차가웠지 아무렇지 않은 듯이
거친 땅을 딛고 나와 세상을 밟았지
바보처럼 순진했지 뭐에 홀려버린 듯이
이미 빠져버린 게임 난 멈출 수 없었지
오 이젠 나 집으로 돌아와
멈추지 마 빛으로 달려가
이대로 영원한 시간 속에 머물러
더 이상 그녀는 없어
온종일 Last dance
온종일 Last dance
온종일 Last dance
들뜬 열기에 사라지네
어둠 어둠 속 비밀을 덮어줄게
오감에 취해 헤매이네 Hello hold up hold up
들뜬 열기에 사라지네
어둠 어둠 속 비밀을 덮어줄게
니 앞의 존재 믿게 해줄게 Hold up smash
오로라로 물들은 그 밤에
Let's do the last dance
심장은 멈추고 난 깨어나네
Let's do the last dance
빛이 쏟아지고 공기는 우리를 집중해
달이 달아오름 붉은색 음악이 필요해
아침이 다가오면 나는 내일을 미룰게
발에 불이 나도록 춤춰 이 밤을 더 태우게
바보처럼 순진했지 뭐에 홀려버린 듯이
이미 빠져버린 게임 난 멈출 수 없었지
얼음처럼 차가웠지 아무렇지 않은 듯이
거친 땅을 딛고 나와 세상을 밟았지
오 이젠 나 집으로 돌아와
멈추지 마 빛으로 달려가
이대로 영원한 시간 속에 머물러
더 이상 그녀는 없어
온종일 Last dance
온종일 Last dance
온종일 Last dance
들뜬 열기에 사라지네
어둠 어둠 속 비밀을 덮어줄게
오감에 취해 헤매이네 Hello hold up hold up
들뜬 열기에 사라지네
어둠 어둠 속 비밀을 덮어줄게
니 앞의 존재 믿게 해줄게 Hold up smash]",2021.04.29
44,20056456,(여자)아이들,31725991,싫다고 말해 (Nightmare Version),20282999,퀸덤 <팬도라의 상자> Part. 1,"[1,358]","[싫다고 말해
사랑하지 않는다고 말해 봐
내 맘이 떠날 거 같이
네가 미워질 거 같이
좋다고 말해
아니 사랑하고 있다고 말해줘
좋았던 그때와 같이
이제 사랑할 순 없니
네 눈빛은 대답을 건네고
미안한 듯 한숨만 내쉰다
그렇게 무너진다
난 무너진다
너와의 시간은 멈추고
그렸던 미래가 안 보인다
꿈처럼 부서진다
다 부서진다
어두워지고 심장은 멍들고
눈물이 번진 날 본다면
넌 멀어질까? 날 멀어질까?
사랑했었던 네 맘을 채웠던
난 지금 죽을 거 같은데
넌 멀어질까? 날 멀어질까
날 멀어질까
아파아이야 아이야
아파아이야 아이야
아파아이야 아이야
아파아이야 아이야
싫다고 말해
그냥 솔직히 전부 말해줘
그니까 변한 거 맞지
내가 싫어진 거잖아
난 사랑이 변한다 생각 안 해
그 뜨거웠던 것이 어떻게 변해
너 거짓말하는 거잖아
아니면 지금 싫다고 한번 말해봐
내가 이렇게 이렇게 해도
날 떠나갈 수가 있어?
날 떠나면 이렇게 이렇게 될 텐데
날 떠나갈 수가 있어?
설렜던 시작은 어디로
내 발밑엔 눈물만 남는다
모든 게 무너진다
난 무너진다
지나간 추억을 머금고
알면서도 또 네게 묻는다
이렇게 끝인 걸까
우린 끝인 건가
(아파아이야 아이야)
어두워지고 심장은 멍들고
눈물이 번진 날 본다면
(아파아이야 아이야)
넌 멀어질까? 날 멀어질까?
(아파아이야 아이야)
사랑했었던 네 맘을 채웠던
난 지금 죽을 거 같은데
(아파아이야 아이야)
넌 멀어질까? 날 멀어질까
좋다고 말해
그래 계속 그렇게 말해줘
좋았던 그때와 같이
평생 사랑할 것 같이]",2019.10.18
45,20056456,(여자)아이들,89178826,TOMBOY (R3HAB Remix),4028813,TOMBOY (R3HAB Remix),[102],"[Look at you 넌 못 감당해 날
Ya took off hook
기분은 Coke like brrr
Look at my toe 나의 Ex 이름 Tattoo
I got to drink up now 네가 싫다 해도 좋아
Why are you cranky boy?
뭘 그리 찡그려 너
Do you want a blond Barbie doll?
It's not here I'm not a doll
미친 것이라 말해 What's the loss to me ya
사정없이 까보라고 You'll lose to me ya
사랑 그깟 거 따위 내 몸에 상처 하나도 어림없지
너의 썩은 내 나는 향수나 뿌릴 바엔
Ye I'm a Tomboy
Ye I'll be the Tomboy
This is my attitude
Ye I'll be the Tomboy
I don't wanna play this ping pong
I would rather film a Tik Tok
Your mom raised you as a prince
But this is queendom right?
I like dancing I love ma friends
Sometimes we swear without cigarettes
I like to eh on drinking whiskey
I won't change it what the hell?
미친 척이라 말해 What's the loss to me ya
사정없이 씹으라고 You're lost to me ya
사랑 그깟 거 따위 내 눈에 눈물 한 방울 어림없지
너의 하찮은 말에 미소나 지을 바엔
Ye I'm a Tomboy
Ye I'll be the Tomboy
This is my attitude
Ye I'll be the Tomboy
La la la la la la la la la
La la la la la la la la la
La la la la la la la la la
La la la la la la la la la]",2022.05.20
46,20056456,(여자)아이들,31544999,Help Me,20173311,그녀의 사생활 OST Part 1,[367],"[Oh uh woo uh
Uh woo uh uh
Oh uh woo uh
Baby don't you know
Oh uh woo uh
Uh woo uh uh
Oh uh woo uh
Can't you help me now
아직 모를 거야
정말 모를 거야
이렇게 나만
알고 싶은 거야
그저 바라만 봐도
너무 좋은 거야
넌 그렇게
웃어만 주는 거야
매일 넌
내 안에만 숨어있었는데 Baby
Oh no 어쩜 좋아
Oh 내 앞에 니가 날 보고 있는데
가까이
느껴본 건 처음이라
어디서부터
어떻게 해야 할지 난
너무 떨려서
어쩌지도 못하잖아
Help me now
Help me now
꿈인 것 같은
이런 건 또 처음이라
어디서부터
어떻게 할지 몰라 난
니 앞에서 난
어쩌지도 못하잖아
Help me now
Help me now
Can't you feel it now
Oh uh woo uh
Uh woo uh uh
Oh uh woo uh
Baby don't you know
Oh uh woo uh
Uh woo uh uh
Oh uh woo uh
Can't you help me now
심장이 터질 것만 같아
어색한 이 장면들이 진짜 사랑인가
여러 엑스트라 중 하나였던 내가
주인공이 된 건 처음이니까
뭘 어쩌지도 못해
도로 위 초보 운전자같이
근데 조금씩 불안하기도 하지만
이왕 출발한 거 가보고파 너까지
매일 넌
내 안에만 숨어있었는데 Baby
Oh no 어쩜 좋아
Oh 이젠 니가 내 앞에 서 있는데
가까이
느껴본 건 처음이라
어디서부터
어떻게 해야 할지 난
너무 떨려서
어쩌지도 못하잖아
Help me now
Help me now
I can feel you now
Oh uh woo uh
Uh woo uh uh
Oh uh woo uh
Baby don't you know
Oh uh woo uh
Uh woo uh uh
Oh uh woo uh
Can't you help me now
이런 기분이 너무 어색해서
맘에 들진 않아
어떤 말을 해도
나 같지 않아
이게 현실의 Love 인가 봐
Can't you feel it?
Oh 가까이
느껴본 건 처음이라
어디서부터
어떻게 해야 할지 난
너무 떨려서
어쩌지도 못하잖아
Help me now
Oh help me now
I can feel you now
Oh uh woo uh
Uh woo uh uh
Oh uh woo uh
Baby don't you know
Oh uh woo uh
Uh woo uh uh
Oh uh woo uh
Feel you now
Oh uh woo uh
Uh woo uh uh
Oh uh woo uh]",2019.04.11
47,20056456,(여자)아이들,31821058,Show,4027181,투유프로젝트 - 슈가맨3 EPISODE.8,[281],"[내 주위를 스쳐간 그 누군가 말했지
우리네 화려한 인생은 일 막의 쇼와 같다고
커튼이 내려진 텅 빈 무대 뒷 켠엔
오늘도 또 하루를 사는 내가 있는 거야
날 지켜봐 줘 넌 모르는 멋진 내 모습은
늘 가려졌던 거야 이제 너에게 보여줄게
Show 끝은 없는 거야
지금 순간만 있는 거야
난 주인공인 거야
세상이라는 무대 위에
Show rule은 없는 거야
내가 만들어 가는 거야
난 할 수 있을 거야
언제까지나 너와 함께
귀 기울여줘 너를 위해 부르던 노래는
늘 묻혀왔던 거야 이제 너에게 들려줄게
Show 끝은 없는 거야
지금 순간만 있는 거야
난 주인공인 거야
세상이라는 무대 위에
Show 끝은 없는 거야
지금 순간만 있는 거야
난 주인공인 거야
세상이라는 무대 위에
Show rule은 없는 거야
내가 만들어 가는 거야
난 할 수 있을 거야
언제까지나 너와 함께]",2020.02.01
48,20056456,(여자)아이들,6071084,HWAA (Dimitri Vegas & Like Mike Remix),20227457,HWAA (Dimitri Vegas & Like Mike Remix),[145],"[In the frozen dark of your winter
The coldest wind cruelly blows
Reaches up to kiss
The highest mountain top
Burying my broken heart in snow
Breaking out of here
Get up build a fire that'll overtake the ice
Gonna wipe it out
Get up build a fire that is gonna dry
The tears I've cried
And out of all the memories we shared
Grows a garden here instead
There wasn't any sun
There wasn't any moon
But my fire's shining through
Reddest red all these flowers bloom
When my heart forgets
Your old distant tune
With my burning flame
I'll ignite the sun
Just like the spring has come
Flames come alive
HWAA
타올라 타올라
HWAA
꽃피우리라
HWAA
타올라 타올라
HWAA
꽃피우리라
내 너의 흔적 남지 않게 하리
못다 한 원망도 훨훨 타리
쓸쓸한 추위를 거둬 가길
남겨진 시들은 꽃길을 즈려 밟지
한을 풀리라 다시금 봄을 누리라
추억은 모조리 불이 나 거름이 돼
찬란한 꽃을 피우리라
I'm starting up my fire stoking it up high
I'll win back springtime that I lost
Reddest red all my flowers bloom
When my heart forgets
Your old wordless tune
And now with my flame
I'll ignite the sun
Just like the spring has won
Flames come alive
HWAA
타올라 타올라
HWAA
꽃피우리라
HWAA
타올라 타올라
HWAA
꽃피우리라
HWAA
타올라 타올라
HWAA
꽃피우리라
HWAA
타올라 타올라
HWAA
꽃피우리라
Higher and higher
The flame of my fire can grow and grow
Burning and burning
It's finally time to let go HWAA
HWAA
타올라 타올라
HWAA
꽃피우리라
HWAA
타올라 타올라
HWAA
꽃피우리라]",2021.02.05
49,20056456,현아,31108316,Young & One,4072414,ONE,[236],"[지금이 아니면 끝인 걸
즐기는 거야 Young &amp; One
누가 뭐라 해도 We don't care
눈치 보지 마 Keep going
우린 아직 어려 두려움 따윈 버려
어제오늘보다 더 잘할 수 있어
시작은 달라도 다른 곳을 본대도
지금 여기 우린 함께 있어
Oh my best friends 폭풍과 소나기
피와 살이 되게 달게 맞아왔지 Right
하던 대로 해 자신 있게
무엇도 두렵지 않게
뻔뻔하게 갈 거야 정점에 닿을 때까지
내 옆에 선 네 덕에 두렵지 않지
너와 내가 만들어 갈 앞으로의 건
Young &amp; Only one
크게 소리쳐봐 더 더 더
네 꿈을 펼쳐봐 점 점 점
마지막엔 너와 Run run run
우린 하나가 되어 One one one
We are young &amp; One
더 크게 볼륨을 높여
너를 맡겨 Don't stop don't stop
저 끝에 펼쳐질 거야
너를 던져 Don't stop
Don't don't don't stop
Oh eh eh eh eh eh eh eh eh
Oh eh eh eh eh
이 순간은 Young &amp; One
Oh eh eh eh eh eh eh eh eh
Oh eh eh eh eh
지금 바로 Young &amp; One
네 미래를 그려 다 이뤄질 수 있어
어렵기만 하진 않을 거야
생각은 달라도 우리는 할 수 있어
하나 되어 더 외치고 싶어
손이 닿지 않아도 같음을 느낄 수 있고
푸른 하늘이 우리를 감싸고 있어
어디든 멀리에 있든
너와 나의 목소리는 하나가 될 수 있어
Follow your dreams 무엇이든
Follow your dreams 펼쳐봐
할 수 있어 우리 함께라면 그 어떤 일도
We will never give up
크게 소리쳐봐 더 더 더
네 꿈을 펼쳐봐 점 점 점
마지막엔 너와 Run run run
우린 하나가 되어 One one one
We are young &amp; One
더 크게 볼륨을 높여
너를 맡겨 Don't stop don't stop
저 끝에 펼쳐질 거야
너를 던져 Don't stop
Don't don't don't stop
Oh eh eh eh eh eh eh eh eh
Oh eh eh eh eh
이 순간은 Young &amp; One
Oh eh eh eh eh eh eh eh eh
Oh eh eh eh eh
지금 바로 Young &amp; One
지금이 아니면 끝인 걸
즐기는 거야 Young &amp; One
누가 뭐라 해도 We don't care
눈치 보지마 Keep going
Oh eh eh eh eh eh eh eh eh
Oh eh eh eh eh
이 순간은 Young &amp; One
Oh eh eh eh eh eh eh eh eh
Oh eh eh eh eh
지금 바로 Young &amp; One
This is just the beginning
It's never too late to start
We're all still young and one]",2018.06.17
